email,nombre,apellido
estudiante01@correo.com,Estudiante,Uno
estudiante02@correo.com,Estudiante,Dos
estudiante03@correo.com,Estudiante,Tres
estudiante04@correo.com,Estudiante,Cuatro
estudiante05@correo.com,Estudiante,Cinco
estudiante06@correo.com,Estudiante,Seis
estudiante07@correo.com,Estudiante,Siete
estudiante08@correo.com,Estudiante,Ocho
estudiante09@correo.com,Estudiante,Nueve
estudiante10@correo.com,Estudiante,Diez
estudiante11@correo.com,Estudiante,Once
estudiante12@correo.com,Estudiante,Doce
estudiante13@correo.com,Estudiante,Trece
estudiante14@correo.com,Estudiante,Catorce
estudiante15@correo.com,Estudiante,Quince
estudiante16@correo.com,Estudiante,Dieciseis
estudiante17@correo.com,Estudiante,Diecisiete
estudiante18@correo.com,Estudiante,Dieciocho
estudiante19@correo.com,Estudiante,Diecinueve
estudiante20@correo.com,Estudiante,Veinte
estudiante21@correo.com,Estudiante,Veintiuno
estudiante22@correo.com,Estudiante,Veintidos
estudiante23@correo.com,Estudiante,Veintitres
estudiante24@correo.com,Estudiante,Veinticuatro
estudiante25@correo.com,Estudiante,Veinticinco
estudiante26@correo.com,Estudiante,Veintiseis
estudiante27@correo.com,Estudiante,Veintisiete
estudiante28@correo.com,Estudiante,Veintiocho
estudiante29@correo.com,Estudiante,Veintinueve
estudiante30@correo.com,Estudiante,Treinta
estudiante31@correo.com,Estudiante,Treinta y Uno
estudiante32@correo.com,Estudiante,Treinta y Dos
estudiante33@correo.com,Estudiante,Treinta y Tres
estudiante34@correo.com,Estudiante,Treinta y Cuatro
estudiante35@correo.com,Estudiante,Treinta y Cinco
estudiante36@correo.com,Estudiante,Treinta y Seis
estudiante37@correo.com,Estudiante,Treinta y Siete
estudiante38@correo.com,Estudiante,Treinta y Ocho
estudiante39@correo.com,Estudiante,Treinta y Nueve
